wave,variant,algo,roc_auc,pr_auc,thr@R>=0.98,precision@R,recall@thr,TP,FP,TN,FN,FP_per_1000,n_test
synthetic_transactions_structured_100_1,baseline,GBM,0.9999568189996402,0.9977443609022557,0.0016640363953955152,0.9210526315789473,1.0,35,3,1982,0,1.4851485148514851,2020
synthetic_transactions_structured_100_1,baseline,XGB,1.0,1.0,0.05370926159499009,1.0,1.0,35,0,1985,0,0.0,2020
synthetic_transactions_structured_100_1,baseline,RF,0.9998848506657071,0.9939061078977045,0.0057566460745647205,0.875,1.0,35,5,1980,0,2.4752475247524752,2020
synthetic_transactions_structured_100_2,baseline,GBM,1.0,0.9999999999999999,0.7325770912265466,1.0,1.0,28,0,1992,0,0.0,2020
synthetic_transactions_structured_100_2,baseline,XGB,0.9999820711417097,0.9987684729064039,0.7662365868863279,0.9655172413793104,1.0,28,1,1991,0,0.49504950495049505,2020
synthetic_transactions_structured_100_2,baseline,RF,1.0,1.0,0.17632676254397142,1.0,1.0,28,0,1992,0,0.0,2020
synthetic_transactions_structured_100_3,baseline,GBM,0.9999999999999999,1.0,0.03827946323874212,1.0,1.0,20,0,2000,0,0.0,2020
synthetic_transactions_structured_100_3,baseline,XGB,1.0,1.0,0.02333110435001551,1.0,1.0,20,0,2000,0,0.0,2020
synthetic_transactions_structured_100_3,baseline,RF,1.0,1.0,0.10395536344210815,1.0,1.0,20,0,2000,0,0.0,2020
synthetic_transactions_structured_100_4,baseline,GBM,0.9999653613675331,0.9976615140705509,0.03501882586827823,0.9666666666666667,1.0,29,1,1990,0,0.49504950495049505,2020
synthetic_transactions_structured_100_4,baseline,XGB,0.9999826806837666,0.9988505747126436,0.15386418301724294,0.9666666666666667,1.0,29,1,1990,0,0.49504950495049505,2020
synthetic_transactions_structured_100_4,baseline,RF,1.0,0.9999999999999998,0.018347003384437517,1.0,1.0,29,0,1991,0,0.0,2020
synthetic_transactions_structured_100_5,baseline,GBM,0.9999999999999999,0.9999999999999999,0.001061345137532993,1.0,1.0,30,0,1990,0,0.0,2020
synthetic_transactions_structured_100_5,baseline,XGB,0.9999832495812395,0.9989247311827957,0.0012466893924397975,0.967741935483871,1.0,30,1,1989,0,0.49504950495049505,2020
synthetic_transactions_structured_100_5,baseline,RF,1.0,0.9999999999999999,0.0711948649080906,1.0,1.0,30,0,1990,0,0.0,2020
synthetic_transactions_structured_100_1,smote,GBM,0.9999856063332133,0.9992063492063493,0.02099061046085512,0.9722222222222222,1.0,35,1,1984,0,0.49504950495049505,2020
synthetic_transactions_structured_100_1,smote,XGB,0.9999424253328535,0.9966838856754824,0.026900947374648414,0.9722222222222222,1.0,35,1,1984,0,0.49504950495049505,2020
synthetic_transactions_structured_100_1,smote,RF,0.9998272759985607,0.9897746066191748,0.01037525784023643,0.8974358974358975,1.0,35,4,1981,0,1.9801980198019802,2020
synthetic_transactions_structured_100_2,smote,GBM,0.9999999999999999,1.0,0.9964286042629174,1.0,1.0,28,0,1992,0,0.0,2020
synthetic_transactions_structured_100_2,smote,XGB,1.0,1.0,0.9943872389518204,1.0,1.0,28,0,1992,0,0.0,2020
synthetic_transactions_structured_100_2,smote,RF,1.0,1.0,0.46891627112774564,1.0,1.0,28,0,1992,0,0.0,2020
synthetic_transactions_structured_100_3,smote,GBM,1.0,1.0,0.001693856902339812,1.0,1.0,20,0,2000,0,0.0,2020
synthetic_transactions_structured_100_3,smote,XGB,1.0,1.0000000000000002,0.41189334979261316,1.0,1.0,20,0,2000,0,0.0,2020
synthetic_transactions_structured_100_3,smote,RF,1.0,1.0000000000000002,0.6074696845958985,1.0,1.0,20,0,2000,0,0.0,2020
synthetic_transactions_structured_100_4,smote,GBM,1.0,0.9999999999999998,0.1321541938937227,1.0,1.0,29,0,1991,0,0.0,2020
synthetic_transactions_structured_100_4,smote,XGB,1.0,0.9999999999999999,0.7876302247823554,1.0,1.0,29,0,1991,0,0.0,2020
synthetic_transactions_structured_100_4,smote,RF,0.9999999999999999,0.9999999999999998,0.0560407175221588,1.0,1.0,29,0,1991,0,0.0,2020
synthetic_transactions_structured_100_5,smote,GBM,1.0,0.9999999999999999,0.001587121117450549,1.0,1.0,30,0,1990,0,0.0,2020
synthetic_transactions_structured_100_5,smote,XGB,0.9999832495812395,0.9989247311827958,0.0019863659876673307,0.967741935483871,1.0,30,1,1989,0,0.49504950495049505,2020
synthetic_transactions_structured_100_5,smote,RF,1.0,1.0,0.13063848702998715,1.0,1.0,30,0,1990,0,0.0,2020
synthetic_transactions_structured_100_1,adasyn,GBM,0.9999856063332134,0.9992063492063493,0.08155549576507644,0.9722222222222222,1.0,35,1,1984,0,0.49504950495049505,2020
synthetic_transactions_structured_100_1,adasyn,XGB,0.9999424253328536,0.9966838856754823,0.02778199924577871,0.9722222222222222,1.0,35,1,1984,0,0.49504950495049505,2020
synthetic_transactions_structured_100_1,adasyn,RF,0.9997984886649874,0.9876175044620727,0.007733075773840484,0.8974358974358975,1.0,35,4,1981,0,1.9801980198019802,2020
synthetic_transactions_structured_100_2,adasyn,GBM,0.999695209409065,0.975812809313418,0.02937899087220682,0.9333333333333333,1.0,28,2,1990,0,0.9900990099009901,2020
synthetic_transactions_structured_100_2,adasyn,XGB,0.999946213425129,0.996170211379571,0.8673804116205168,0.9655172413793104,1.0,28,1,1991,0,0.49504950495049505,2020
synthetic_transactions_structured_100_2,adasyn,RF,1.0,1.0,0.3355445810081733,1.0,1.0,28,0,1992,0,0.0,2020
synthetic_transactions_structured_100_3,adasyn,GBM,1.0,1.0,0.996927262639978,1.0,1.0,20,0,2000,0,0.0,2020
synthetic_transactions_structured_100_3,adasyn,XGB,1.0,1.0,0.9485480553009158,1.0,1.0,20,0,2000,0,0.0,2020
synthetic_transactions_structured_100_3,adasyn,RF,1.0,1.0,0.5640164664357377,1.0,1.0,20,0,2000,0,0.0,2020
synthetic_transactions_structured_100_4,adasyn,GBM,0.9999999999999999,0.9999999999999999,0.7114406357726984,1.0,1.0,29,0,1991,0,0.0,2020
synthetic_transactions_structured_100_4,adasyn,XGB,1.0,0.9999999999999998,0.952456324066065,1.0,1.0,29,0,1991,0,0.0,2020
synthetic_transactions_structured_100_4,adasyn,RF,1.0,0.9999999999999998,0.08219904799335091,1.0,1.0,29,0,1991,0,0.0,2020
synthetic_transactions_structured_100_5,adasyn,GBM,0.999899497487437,0.9936155913978494,0.001768481566776863,0.9375,1.0,30,2,1988,0,0.9900990099009901,2020
synthetic_transactions_structured_100_5,adasyn,XGB,0.9998659966499163,0.9929824561403509,0.001772859901433389,0.7894736842105263,1.0,30,8,1982,0,3.9603960396039604,2020
synthetic_transactions_structured_100_5,adasyn,RF,1.0,1.0,0.1977225781319745,1.0,1.0,30,0,1990,0,0.0,2020
